#,Part,Qty,Category,Link,Notes
1,"ESP32 Dev Module, 38-pin (Robocraze)",1,Controller,"https://www.robo.cza.pl/en/esp32-dev-board-38-pin/","Main controller"
2,"DHT11 temperature + humidity module",1,Sensor,"https://www.robotshop.com/products/dht11-temperature-relative-humidity-sensor-module","GPIO4"
3,"MQ6 gas sensor module",1,Sensor,"https://www.robotshop.com/products/mq6-lpg-sensor-module","GPIO34 ADC, 5V supply"
4,"Soil moisture sensor, 2-pin analog",1,Sensor,"https://www.robotshop.com/products/soil-moisture-sensor","GPIO35 ADC"
5,"LDR photoresistor",1,Sensor,"https://www.robotshop.com/products/light-dependent-resistor","GPIO32 with 10k divider"
6,"10k ohm resistor",2,Passive,"https://www.robotshop.com/products/resistor-10k-ohm-1-4-w","LDR voltage divider"
7,"I2C 16x2 LCD + PCF8574 backpack",1,Display,"https://www.robotshop.com/products/lcd1602a-with-pcf8574-backpack","SDA GPIO21 / SCL GPIO22"
8,"L298N motor driver module",1,Driver,"https://www.robotshop.com/products/l298n-dual-h-bridge-motor-driver","Grow-light PWM channel"
9,"HJR-3FC 5V relay module",1,Driver,"https://www.robotshop.com/products/1-channel-5v-relay-module","Peltier switching"
10,"Peltier element (TEC1-12706)",1,Actuator,"https://www.robotshop.com/products/tec1-12706-peltier-module","Heater / water purifier"
11,"Ultrasonic mist maker / fogger",1,Actuator,"https://www.robotshop.com/products/ultrasonic-mist-maker","Irrigation"
12,"MOSFET driver module (IRF520)",1,Driver,"https://www.robotshop.com/products/irf520-mosfet-driver","Mist pump PWM"
13,"Passive buzzer, 2-pin",1,Actuator,"https://www.robotshop.com/products/passive-buzzer","GPIO33, alarm tones"
14,"Tactile push button",3,Input,"https://www.robotshop.com/products/6mm-tactile-switch","EARTH / MARS / MOON"
15,"Breadboard, 830-point",1,Prototype,"https://www.robotshop.com/products/breadboard-830-point","Full prototyping"
16,"Jumper wire kit",1,Prototype,"https://www.robotshop.com/products/jumper-wire-kit","Dupont wires"
17,"5V / 2A USB power supply",1,Power,"https://www.robotshop.com/products/5v-2a-ac-adapter","Logic + actuators"
18,"12V / 2A power supply",1,Power,"https://www.robotshop.com/products/12v-2a-adapter","Peltier via relay"
19,"Glass terrarium / display enclosure",1,Enclosure,"https://www.robotshop.com/products/glass-terrarium","Habitat tank"
20,"Zip ties, hot glue, standoffs, cable clips",1,Mounting,"https://www.robotshop.com/products/misc-mounting-hardware","Mechanical mounting"